{"stats":{"minecraft:custom":{"minecraft:open_barrel":14,"minecraft:time_since_rest":534217,"minecraft:crouch_one_cm":164,"minecraft:deaths":1,"minecraft:sprint_one_cm":604,"minecraft:play_time":534401,"minecraft:damage_taken":280,"minecraft:walk_one_cm":1454,"minecraft:sneak_time":41505,"minecraft:drop":7,"minecraft:jump":15,"minecraft:leave_game":17,"minecraft:time_since_death":534190,"minecraft:total_world_time":786436,"minecraft:tune_noteblock":1,"minecraft:fly_one_cm":2182789},"minecraft:used":{"minecraft:redstone_torch":56,"minecraft:sticky_piston":8,"minecraft:piston":10,"minecraft:glass":16,"minecraft:lever":22,"minecraft:repeater":126,"minecraft:redstone_lamp":36,"minecraft:target":8,"minecraft:comparator":42,"minecraft:black_stained_glass":7,"minecraft:dropper":2,"minecraft:command_block":16,"minecraft:slime_block":1,"minecraft:light_blue_wool":448,"minecraft:powered_rail":19,"minecraft:brown_stained_glass":21,"minecraft:redstone":293,"minecraft:brown_wool":4,"minecraft:chain_command_block":16,"minecraft:note_block":10,"minecraft:brown_concrete":7,"minecraft:gray_wool":1,"minecraft:redstone_block":33,"minecraft:cyan_wool":58,"minecraft:observer":21,"minecraft:light_blue_stained_glass":2,"minecraft:barrel":20},"minecraft:dropped":{"minecraft:wooden_axe":1,"minecraft:stick":2,"minecraft:wooden_shovel":4}},"DataVersion":2724}